id,label
0,malicious
1,malicious
2,benign
3,malicious
4,benign
5,malicious
6,malicious
7,benign
8,malicious
9,malicious
10,malicious
11,malicious
12,benign
13,malicious
14,malicious
15,malicious
16,benign
17,malicious
18,benign
19,malicious
20,malicious
21,benign
22,benign
23,malicious
24,benign
25,benign
26,benign
27,malicious
28,benign
29,malicious
30,malicious
31,malicious
32,benign
33,benign
34,malicious
35,malicious
36,malicious
37,malicious
38,malicious
39,malicious
40,malicious
41,malicious
42,benign
43,benign
44,malicious
45,malicious
46,benign
47,benign
48,malicious
49,benign
50,malicious
51,malicious
52,benign
53,benign
54,benign
55,benign
56,benign
57,malicious
58,malicious
59,benign
60,benign
61,malicious
62,benign
63,malicious
64,malicious
65,malicious
66,benign
67,malicious
68,malicious
69,malicious
70,malicious
71,malicious
72,malicious
73,malicious
74,benign
75,malicious
76,benign
77,benign
78,malicious
79,benign
80,benign
81,malicious
82,benign
83,malicious
84,malicious
85,malicious
86,malicious
87,benign
88,benign
89,benign
90,malicious
91,malicious
92,malicious
93,malicious
94,malicious
95,benign
96,malicious
97,benign
98,malicious
99,malicious
100,benign
101,benign
102,malicious
103,malicious
104,malicious
105,benign
106,malicious
107,benign
108,benign
109,benign
110,malicious
111,malicious
112,malicious
113,malicious
114,benign
115,benign
116,malicious
117,malicious
118,malicious
119,malicious
120,malicious
121,malicious
122,benign
123,malicious
124,benign
125,benign
126,benign
127,benign
128,malicious
129,benign
130,malicious
131,benign
132,malicious
133,benign
134,malicious
135,malicious
136,malicious
137,benign
138,benign
139,benign
140,malicious
141,malicious
142,benign
143,malicious
144,benign
145,malicious
146,malicious
147,malicious
148,malicious
149,benign
150,malicious
151,malicious
152,malicious
153,benign
154,benign
155,malicious
156,malicious
157,malicious
158,malicious
159,malicious
160,malicious
161,malicious
162,malicious
163,benign
164,benign
165,benign
166,malicious
167,malicious
168,malicious
169,malicious
170,benign
171,benign
172,benign
173,benign
174,benign
175,malicious
176,malicious
177,malicious
178,malicious
179,benign
180,benign
181,malicious
182,benign
183,malicious
184,malicious
185,malicious
186,malicious
187,benign
188,malicious
189,malicious
190,malicious
191,benign
192,malicious
193,malicious
194,malicious
195,malicious
196,benign
197,benign
198,malicious
199,malicious
200,benign
201,malicious
202,malicious
203,malicious
204,benign
205,malicious
206,malicious
207,malicious
208,malicious
209,benign
210,malicious
211,benign
212,benign
213,malicious
214,malicious
215,malicious
216,malicious
217,malicious
218,malicious
219,malicious
220,benign
221,benign
222,malicious
223,benign
224,benign
225,benign
226,malicious
227,malicious
228,benign
229,benign
230,malicious
231,malicious
232,malicious
233,benign
234,malicious
235,malicious
236,malicious
237,malicious
238,malicious
239,malicious
240,benign
241,malicious
242,malicious
243,benign
244,malicious
245,malicious
246,benign
247,malicious
248,malicious
249,benign
250,malicious
251,benign
252,malicious
253,malicious
254,malicious
255,malicious
256,benign
257,malicious
258,malicious
259,malicious
260,malicious
261,benign
262,malicious
263,malicious
264,malicious
265,benign
266,benign
267,malicious
268,malicious
269,malicious
270,benign
271,malicious
272,benign
273,benign
274,malicious
275,benign
276,benign
277,malicious
278,malicious
279,malicious
280,malicious
281,malicious
282,malicious
283,malicious
284,malicious
285,malicious
286,malicious
287,benign
288,benign
289,malicious
290,malicious
291,malicious
292,malicious
293,benign
294,malicious
295,malicious
296,malicious
297,benign
298,malicious
299,malicious
300,benign
301,malicious
302,malicious
303,malicious
304,malicious
305,benign
306,malicious
307,malicious
308,malicious
309,malicious
310,benign
311,malicious
312,benign
313,malicious
314,malicious
315,benign
316,malicious
317,malicious
318,malicious
319,malicious
320,benign
321,benign
322,benign
323,malicious
324,malicious
325,benign
326,benign
327,malicious
328,malicious
329,malicious
330,malicious
331,malicious
332,malicious
333,malicious
334,malicious
335,malicious
336,malicious
337,malicious
338,malicious
339,benign
340,malicious
341,benign
342,malicious
343,malicious
344,malicious
345,malicious
346,malicious
347,malicious
348,malicious
349,benign
350,malicious
351,benign
352,malicious
353,malicious
354,malicious
355,malicious
356,benign
357,benign
358,malicious
359,malicious
360,malicious
361,malicious
362,malicious
363,malicious
364,malicious
365,benign
366,malicious
367,benign
368,benign
369,malicious
370,malicious
371,malicious
372,malicious
373,benign
374,malicious
375,malicious
376,malicious
377,malicious
378,malicious
379,benign
380,malicious
381,malicious
382,malicious
383,malicious
384,malicious
385,malicious
386,benign
387,malicious
388,benign
389,malicious
390,malicious
391,benign
392,malicious
393,malicious
394,benign
395,benign
396,malicious
397,malicious
398,malicious
399,malicious
400,benign
401,benign
402,malicious
403,benign
404,malicious
405,malicious
406,benign
407,malicious
408,benign
409,malicious
410,malicious
411,malicious
412,benign
413,malicious
414,malicious
415,malicious
416,benign
417,benign
418,malicious
419,benign
420,benign
421,malicious
422,benign
423,benign
424,benign
425,malicious
426,malicious
427,benign
428,benign
429,malicious
430,benign
431,malicious
432,benign
433,malicious
434,malicious
435,malicious
436,malicious
437,malicious
438,benign
439,malicious
440,malicious
441,benign
442,benign
443,benign
444,malicious
445,malicious
446,benign
447,malicious
448,malicious
449,malicious
450,benign
451,malicious
452,benign
453,malicious
454,malicious
455,malicious
456,malicious
457,benign
458,malicious
459,malicious
460,benign
461,benign
462,malicious
463,malicious
464,malicious
465,benign
466,malicious
467,benign
468,benign
469,benign
470,malicious
471,benign
472,malicious
473,malicious
474,benign
475,malicious
476,malicious
477,malicious
478,malicious
479,benign
480,malicious
481,malicious
482,malicious
483,benign
484,malicious
485,malicious
486,benign
487,malicious
488,malicious
489,malicious
490,benign
491,malicious
492,malicious
493,malicious
494,benign
495,malicious
496,malicious
497,benign
498,malicious
499,benign
500,malicious
501,malicious
502,benign
503,benign
504,benign
505,malicious
506,malicious
507,benign
508,malicious
509,malicious
510,malicious
511,malicious
512,benign
513,malicious
514,malicious
515,benign
516,malicious
517,benign
518,malicious
519,malicious
520,malicious
521,benign
522,benign
523,benign
524,malicious
525,malicious
526,malicious
527,malicious
528,malicious
529,malicious
530,malicious
531,malicious
532,malicious
533,malicious
534,malicious
535,benign
536,benign
537,malicious
538,malicious
539,malicious
540,malicious
541,malicious
542,malicious
543,malicious
544,benign
545,benign
546,malicious
547,malicious
548,benign
549,benign
550,malicious
551,malicious
552,malicious
553,benign
554,benign
555,benign
556,malicious
557,benign
558,malicious
559,malicious
560,benign
561,benign
562,benign
563,malicious
564,malicious
565,malicious
566,malicious
567,malicious
568,malicious
569,benign
570,malicious
571,malicious
572,benign
573,benign
574,malicious
575,benign
576,malicious
577,benign
578,malicious
579,malicious
580,malicious
581,malicious
582,malicious
583,malicious
584,malicious
585,malicious
586,malicious
587,benign
588,benign
589,malicious
590,benign
591,malicious
592,malicious
593,malicious
594,benign
595,benign
596,malicious
597,malicious
598,benign
599,malicious
600,malicious
601,malicious
602,malicious
603,malicious
604,malicious
605,malicious
606,malicious
607,malicious
608,malicious
609,malicious
610,benign
611,malicious
612,benign
613,malicious
614,malicious
615,malicious
616,malicious
617,malicious
618,malicious
619,malicious
620,malicious
621,benign
622,benign
623,malicious
624,malicious
625,malicious
626,malicious
627,malicious
628,malicious
629,malicious
630,benign
631,malicious
632,malicious
633,malicious
634,malicious
635,malicious
636,benign
637,malicious
638,malicious
639,malicious
640,malicious
641,malicious
642,malicious
643,benign
644,malicious
645,malicious
646,malicious
647,benign
648,malicious
649,benign
650,benign
651,malicious
652,malicious
653,malicious
654,malicious
655,malicious
656,malicious
657,malicious
658,benign
659,malicious
660,malicious
661,malicious
662,malicious
663,malicious
664,malicious
665,benign
666,malicious
667,malicious
668,malicious
669,malicious
670,malicious
671,malicious
672,malicious
673,benign
674,benign
675,malicious
676,benign
677,malicious
678,benign
679,malicious
680,malicious
681,benign
682,malicious
683,malicious
684,benign
685,benign
686,malicious
687,malicious
688,malicious
689,malicious
690,malicious
691,malicious
692,malicious
693,malicious
694,malicious
695,benign
696,benign
697,benign
698,malicious
699,malicious
700,benign
701,malicious
702,benign
703,malicious
704,benign
705,benign
706,malicious
707,malicious
708,malicious
709,malicious
710,malicious
711,benign
712,malicious
713,malicious
714,malicious
715,malicious
716,malicious
717,malicious
718,malicious
719,malicious
720,malicious
721,malicious
722,malicious
723,malicious
724,malicious
725,malicious
726,malicious
727,malicious
728,benign
729,malicious
730,malicious
731,benign
732,malicious
733,benign
734,malicious
735,benign
736,benign
737,benign
738,malicious
739,malicious
740,malicious
741,malicious
742,benign
743,benign
744,malicious
745,malicious
746,malicious
747,malicious
748,malicious
749,benign
750,malicious
751,malicious
752,malicious
753,benign
754,malicious
755,malicious
756,malicious
757,benign
758,benign
759,malicious
760,malicious
761,benign
762,benign
763,malicious
764,malicious
765,benign
766,malicious
767,malicious
768,malicious
769,malicious
770,benign
771,malicious
772,malicious
773,benign
774,benign
775,malicious
776,malicious
777,malicious
778,benign
779,malicious
780,malicious
781,benign
782,malicious
783,benign
784,benign
785,malicious
786,benign
787,benign
788,benign
789,benign
790,benign
791,malicious
792,benign
793,malicious
794,malicious
795,malicious
796,malicious
797,malicious
798,benign
799,malicious
800,benign
801,malicious
802,benign
803,malicious
804,malicious
805,benign
806,benign
807,malicious
808,malicious
809,benign
810,malicious
811,benign
812,benign
813,benign
814,malicious
815,malicious
816,malicious
817,benign
818,malicious
819,malicious
820,malicious
821,benign
822,malicious
823,malicious
824,malicious
825,malicious
826,benign
827,benign
828,malicious
829,malicious
830,malicious
831,benign
832,malicious
833,malicious
834,malicious
835,malicious
836,malicious
837,benign
838,malicious
839,malicious
840,benign
841,benign
842,benign
843,benign
844,benign
845,malicious
846,benign
847,malicious
848,malicious
849,benign
850,malicious
851,malicious
852,benign
853,malicious
854,malicious
855,malicious
856,malicious
857,benign
858,benign
859,malicious
860,malicious
861,malicious
862,malicious
863,malicious
864,benign
865,benign
866,benign
867,benign
868,benign
869,malicious
870,benign
871,benign
872,malicious
873,malicious
874,malicious
875,benign
876,malicious
877,malicious
878,malicious
879,malicious
880,malicious
881,malicious
882,malicious
883,malicious
884,malicious
885,benign
886,malicious
887,malicious
888,malicious
889,malicious
890,benign
891,malicious
892,malicious
893,benign
894,benign
895,benign
896,malicious
897,malicious
898,malicious
899,benign
900,malicious
901,malicious
902,malicious
903,benign
904,benign
905,malicious
906,malicious
907,malicious
908,malicious
909,malicious
910,benign
911,malicious
912,benign
913,benign
914,malicious
915,benign
916,malicious
917,malicious
918,benign
919,malicious
920,malicious
921,malicious
922,malicious
923,benign
924,benign
925,malicious
926,malicious
927,malicious
928,benign
929,benign
930,malicious
931,benign
932,malicious
933,malicious
934,malicious
935,malicious
936,benign
937,benign
938,malicious
939,malicious
940,benign
941,benign
942,malicious
943,malicious
944,benign
945,malicious
946,benign
947,malicious
948,malicious
949,malicious
950,malicious
951,malicious
952,malicious
953,benign
954,malicious
955,malicious
956,malicious
957,malicious
958,benign
959,benign
960,malicious
961,benign
962,malicious
963,benign
964,malicious
965,malicious
966,malicious
967,malicious
968,benign
969,benign
970,malicious
971,malicious
972,benign
973,malicious
974,malicious
975,benign
976,benign
977,malicious
978,malicious
979,malicious
980,benign
981,malicious
982,benign
983,malicious
984,malicious
985,malicious
986,malicious
987,malicious
988,benign
989,malicious
990,benign
991,benign
992,benign
993,malicious
994,benign
995,malicious
996,malicious
997,malicious
998,malicious
999,malicious
1000,benign
1001,malicious
1002,malicious
1003,benign
1004,malicious
1005,benign
1006,malicious
1007,malicious
1008,malicious
1009,malicious
1010,malicious
1011,benign
1012,malicious
1013,benign
1014,benign
1015,malicious
1016,malicious
1017,malicious
1018,malicious
1019,malicious
1020,benign
1021,benign
1022,malicious
1023,malicious
1024,malicious
1025,malicious
1026,benign
1027,malicious
1028,benign
1029,benign
1030,benign
1031,malicious
1032,malicious
1033,malicious
1034,benign
1035,malicious
1036,malicious
1037,benign
1038,benign
1039,benign
1040,malicious
1041,malicious
1042,benign
1043,malicious
1044,benign
1045,benign
1046,malicious
1047,benign
1048,malicious
1049,malicious
1050,malicious
1051,malicious
1052,malicious
1053,malicious
1054,benign
1055,benign
1056,malicious
1057,benign
1058,malicious
1059,malicious
1060,benign
1061,malicious
1062,malicious
1063,malicious
1064,malicious
1065,malicious
1066,malicious
1067,malicious
1068,malicious
1069,malicious
1070,malicious
1071,benign
1072,malicious
1073,malicious
1074,benign
1075,malicious
1076,malicious
1077,benign
1078,malicious
1079,malicious
1080,benign
1081,malicious
1082,malicious
1083,malicious
1084,benign
1085,malicious
1086,malicious
1087,malicious
1088,benign
1089,malicious
1090,malicious
1091,benign
1092,malicious
1093,malicious
1094,malicious
1095,malicious
1096,malicious
1097,benign
1098,malicious
1099,benign
1100,malicious
1101,malicious
1102,malicious
1103,malicious
1104,malicious
1105,malicious
1106,benign
1107,benign
1108,malicious
1109,malicious
1110,benign
1111,malicious
1112,malicious
1113,malicious
1114,malicious
1115,malicious
1116,benign
1117,malicious
1118,benign
1119,malicious
1120,malicious
1121,benign
1122,malicious
1123,benign
1124,malicious
1125,malicious
1126,benign
1127,malicious
1128,malicious
1129,malicious
1130,malicious
1131,malicious
1132,malicious
1133,benign
1134,malicious
1135,malicious
1136,benign
1137,malicious
1138,malicious
1139,malicious
1140,benign
1141,malicious
1142,benign
1143,benign
1144,malicious
1145,benign
1146,malicious
1147,malicious
1148,malicious
1149,malicious
1150,malicious
1151,malicious
1152,malicious
1153,benign
1154,malicious
1155,malicious
1156,malicious
1157,malicious
1158,malicious
1159,benign
1160,malicious
1161,malicious
1162,benign
1163,benign
1164,malicious
1165,malicious
1166,malicious
1167,malicious
1168,malicious
1169,malicious
1170,malicious
1171,malicious
1172,malicious
1173,malicious
1174,malicious
1175,benign
1176,malicious
1177,malicious
1178,malicious
1179,benign
1180,benign
1181,malicious
1182,malicious
1183,malicious
1184,benign
1185,malicious
1186,benign
1187,benign
1188,malicious
1189,malicious
1190,benign
1191,malicious
1192,malicious
1193,benign
1194,benign
1195,malicious
1196,malicious
1197,benign
1198,malicious
1199,benign
1200,malicious
1201,benign
1202,malicious
1203,malicious
1204,malicious
1205,benign
1206,benign
1207,malicious
1208,benign
1209,benign
1210,malicious
1211,benign
1212,malicious
1213,benign
1214,malicious
1215,benign
1216,benign
1217,benign
1218,benign
1219,malicious
1220,benign
1221,benign
1222,malicious
1223,benign
1224,malicious
1225,malicious
1226,malicious
1227,malicious
1228,benign
1229,malicious
1230,malicious
1231,benign
1232,malicious
1233,benign
1234,benign
1235,malicious
1236,malicious
1237,malicious
1238,malicious
1239,malicious
1240,benign
1241,malicious
1242,malicious
1243,malicious
1244,benign
1245,benign
1246,malicious
1247,malicious
1248,benign
1249,malicious
1250,malicious
1251,malicious
1252,benign
1253,malicious
1254,malicious
1255,malicious
1256,malicious
1257,malicious
1258,malicious
1259,benign
1260,malicious
1261,malicious
1262,malicious
1263,malicious
1264,malicious
1265,malicious
1266,malicious
1267,malicious
1268,malicious
1269,malicious
1270,malicious
1271,malicious
1272,malicious
1273,malicious
1274,malicious
1275,benign
1276,benign
1277,malicious
1278,benign
1279,benign
1280,benign
1281,malicious
1282,malicious
1283,benign
1284,benign
1285,benign
1286,malicious
1287,malicious
1288,malicious
1289,benign
1290,benign
1291,malicious
1292,benign
1293,malicious
1294,malicious
1295,benign
1296,benign
1297,malicious
1298,malicious
1299,malicious
1300,malicious
1301,benign
1302,malicious
1303,benign
1304,benign
1305,malicious
1306,benign
1307,malicious
1308,benign
1309,benign
1310,malicious
1311,benign
1312,malicious
1313,malicious
1314,malicious
1315,malicious
1316,malicious
1317,malicious
1318,malicious
1319,malicious
1320,benign
1321,malicious
1322,malicious
1323,malicious
1324,malicious
1325,benign
1326,benign
1327,malicious
1328,malicious
1329,malicious
1330,malicious
1331,malicious
1332,malicious
1333,benign
1334,malicious
1335,benign
1336,malicious
1337,benign
1338,malicious
1339,benign
1340,malicious
1341,benign
1342,malicious
1343,benign
1344,malicious
1345,malicious
1346,benign
1347,malicious
1348,malicious
1349,malicious
1350,malicious
1351,malicious
1352,malicious
1353,malicious
1354,malicious
1355,malicious
1356,malicious
1357,malicious
1358,malicious
1359,benign
1360,benign
1361,benign
1362,malicious
1363,malicious
1364,malicious
1365,malicious
1366,malicious
1367,malicious
1368,malicious
1369,benign
1370,benign
1371,malicious
1372,malicious
1373,malicious
1374,malicious
1375,malicious
1376,benign
1377,malicious
1378,malicious
1379,malicious
1380,malicious
1381,malicious
1382,malicious
1383,benign
1384,benign
1385,malicious
1386,malicious
1387,benign
1388,benign
1389,malicious
1390,malicious
1391,malicious
1392,malicious
1393,malicious
1394,benign
1395,malicious
1396,benign
1397,malicious
1398,malicious
1399,benign
1400,benign
1401,malicious
1402,benign
1403,malicious
1404,benign
1405,malicious
1406,benign
1407,benign
1408,benign
1409,malicious
1410,benign
1411,malicious
1412,malicious
1413,malicious
1414,malicious
1415,benign
1416,malicious
1417,malicious
1418,benign
1419,benign
1420,malicious
1421,malicious
1422,malicious
1423,benign
1424,malicious
1425,malicious
1426,benign
1427,malicious
1428,malicious
1429,malicious
1430,malicious
1431,malicious
1432,malicious
1433,malicious
1434,malicious
1435,malicious
1436,benign
1437,malicious
1438,benign
1439,benign
1440,malicious
1441,benign
1442,benign
1443,malicious
1444,benign
1445,malicious
1446,malicious
1447,benign
1448,benign
1449,malicious
1450,benign
1451,malicious
1452,benign
1453,malicious
1454,benign
1455,malicious
1456,malicious
1457,malicious
1458,benign
1459,benign
1460,benign
1461,malicious
1462,malicious
1463,benign
1464,benign
1465,benign
1466,malicious
1467,malicious
1468,benign
1469,benign
1470,malicious
1471,malicious
1472,malicious
1473,benign
1474,malicious
1475,benign
1476,benign
1477,malicious
1478,malicious
1479,malicious
1480,malicious
1481,malicious
1482,malicious
1483,benign
1484,benign
1485,malicious
1486,benign
1487,malicious
1488,malicious
1489,malicious
1490,malicious
1491,benign
1492,malicious
1493,malicious
1494,benign
1495,benign
1496,malicious
1497,malicious
1498,malicious
1499,malicious
1500,malicious
1501,benign
1502,malicious
1503,malicious
1504,malicious
1505,benign
1506,malicious
1507,malicious
1508,malicious
1509,malicious
1510,malicious
1511,malicious
1512,malicious
1513,malicious
1514,malicious
1515,malicious
1516,benign
1517,malicious
1518,malicious
1519,malicious
1520,benign
1521,benign
1522,malicious
1523,malicious
1524,malicious
1525,malicious
1526,malicious
1527,malicious
1528,benign
1529,malicious
1530,malicious
1531,benign
1532,benign
1533,benign
1534,benign
1535,malicious
1536,malicious
1537,benign
1538,malicious
1539,benign
1540,malicious
1541,malicious
1542,malicious
1543,malicious
1544,malicious
1545,malicious
1546,benign
1547,malicious
1548,benign
1549,malicious
1550,malicious
1551,malicious
1552,malicious
1553,benign
1554,malicious
1555,malicious
1556,malicious
1557,malicious
1558,malicious
1559,benign
1560,malicious
1561,benign
1562,malicious
1563,benign
1564,benign
1565,benign
1566,benign
1567,malicious
1568,malicious
1569,benign
1570,benign
1571,benign
1572,benign
1573,malicious
1574,malicious
1575,malicious
1576,malicious
1577,benign
1578,malicious
1579,malicious
1580,malicious
1581,benign
1582,malicious
1583,malicious
1584,malicious
1585,benign
1586,malicious
1587,malicious
1588,malicious
1589,benign
1590,malicious
1591,malicious
1592,benign
1593,benign
1594,malicious
1595,benign
1596,malicious
1597,benign
1598,malicious
1599,malicious
1600,benign
1601,malicious
1602,benign
1603,malicious
1604,benign
1605,malicious
1606,malicious
1607,malicious
1608,malicious
1609,malicious
1610,benign
1611,benign
1612,malicious
1613,malicious
1614,malicious
1615,malicious
1616,malicious
1617,malicious
1618,benign
1619,malicious
1620,benign
1621,malicious
1622,benign
1623,malicious
1624,benign
1625,malicious
1626,malicious
1627,malicious
1628,malicious
1629,malicious
1630,benign
1631,malicious
1632,malicious
1633,benign
1634,malicious
1635,benign
1636,malicious
1637,malicious
1638,malicious
1639,malicious
1640,malicious
1641,malicious
1642,malicious
1643,malicious
1644,malicious
1645,malicious
1646,benign
1647,malicious
1648,malicious
1649,malicious
1650,benign
1651,malicious
1652,malicious
1653,benign
1654,malicious
1655,benign
1656,malicious
1657,malicious
1658,malicious
1659,malicious
1660,malicious
1661,benign
1662,malicious
1663,malicious
1664,malicious
1665,malicious
1666,benign
1667,benign
1668,malicious
1669,benign
1670,benign
1671,benign
1672,benign
1673,malicious
1674,malicious
1675,malicious
1676,malicious
1677,benign
1678,malicious
1679,malicious
1680,malicious
1681,malicious
1682,malicious
1683,malicious
1684,malicious
1685,malicious
1686,benign
1687,benign
1688,malicious
1689,benign
1690,benign
1691,benign
1692,malicious
1693,malicious
1694,malicious
1695,benign
1696,malicious
1697,benign
1698,malicious
1699,benign
1700,malicious
1701,malicious
1702,benign
1703,malicious
1704,benign
1705,malicious
1706,malicious
1707,malicious
1708,malicious
1709,benign
1710,malicious
1711,benign
1712,malicious
1713,malicious
1714,malicious
1715,malicious
1716,benign
1717,malicious
1718,malicious
1719,malicious
1720,malicious
1721,malicious
1722,malicious
1723,benign
1724,malicious
1725,malicious
1726,benign
1727,malicious
1728,malicious
1729,benign
1730,malicious
1731,malicious
1732,malicious
1733,benign
1734,benign
1735,malicious
1736,malicious
1737,benign
1738,malicious
1739,malicious
1740,benign
1741,malicious
1742,malicious
1743,malicious
1744,malicious
1745,malicious
1746,benign
1747,benign
1748,malicious
1749,benign
1750,malicious
1751,benign
1752,malicious
1753,benign
1754,benign
1755,malicious
1756,benign
1757,benign
1758,malicious
1759,malicious
1760,malicious
1761,malicious
1762,malicious
1763,malicious
1764,benign
1765,malicious
1766,benign
1767,benign
1768,malicious
1769,malicious
1770,malicious
1771,malicious
1772,malicious
1773,benign
1774,malicious
1775,malicious
1776,benign
1777,malicious
1778,malicious
1779,malicious
1780,malicious
1781,benign
1782,malicious
1783,benign
1784,benign
1785,benign
1786,malicious
1787,malicious
1788,benign
1789,benign
1790,malicious
1791,malicious
1792,malicious
1793,malicious
1794,benign
1795,malicious
1796,benign
1797,malicious
1798,benign
1799,malicious
1800,benign
1801,benign
1802,malicious
1803,malicious
1804,malicious
1805,malicious
1806,malicious
1807,malicious
1808,malicious
1809,malicious
1810,benign
1811,benign
1812,malicious
1813,malicious
1814,benign
1815,malicious
1816,malicious
1817,malicious
1818,benign
1819,malicious
1820,malicious
1821,malicious
1822,benign
1823,malicious
1824,benign
1825,malicious
1826,benign
1827,malicious
1828,malicious
1829,malicious
1830,malicious
1831,malicious
1832,benign
1833,malicious
1834,benign
1835,malicious
1836,malicious
1837,malicious
1838,malicious
1839,malicious
1840,malicious
1841,benign
1842,benign
1843,malicious
1844,malicious
1845,malicious
1846,benign
1847,malicious
1848,malicious
1849,malicious
1850,malicious
1851,malicious
1852,malicious
1853,malicious
1854,malicious
1855,malicious
1856,malicious
1857,benign
1858,malicious
1859,malicious
1860,malicious
1861,malicious
1862,benign
1863,malicious
1864,malicious
1865,malicious
1866,benign
1867,malicious
1868,malicious
1869,malicious
1870,malicious
1871,malicious
1872,malicious
1873,malicious
1874,malicious
1875,malicious
1876,malicious
1877,malicious
1878,malicious
1879,malicious
1880,malicious
1881,benign
1882,malicious
1883,benign
1884,malicious
1885,malicious
1886,malicious
1887,benign
1888,malicious
1889,benign
1890,benign
1891,malicious
1892,malicious
1893,malicious
1894,malicious
1895,malicious
1896,malicious
1897,benign
1898,malicious
1899,malicious
1900,benign
1901,malicious
1902,benign
1903,malicious
1904,malicious
1905,malicious
1906,benign
1907,benign
1908,malicious
1909,malicious
1910,benign
1911,malicious
1912,malicious
1913,malicious
1914,malicious
1915,benign
1916,benign
1917,benign
1918,malicious
1919,benign
1920,malicious
1921,benign
1922,malicious
1923,benign
1924,malicious
1925,benign
1926,malicious
1927,malicious
1928,malicious
1929,benign
1930,malicious
1931,malicious
1932,benign
1933,benign
1934,malicious
1935,malicious
1936,malicious
1937,benign
1938,benign
1939,malicious
1940,malicious
1941,malicious
1942,malicious
1943,malicious
1944,malicious
1945,malicious
1946,malicious
1947,malicious
1948,benign
1949,benign
1950,malicious
1951,malicious
1952,benign
1953,malicious
1954,malicious
1955,malicious
1956,malicious
1957,benign
1958,malicious
1959,malicious
1960,malicious
1961,benign
1962,malicious
1963,malicious
1964,benign
1965,benign
1966,benign
1967,benign
1968,malicious
1969,malicious
1970,benign
1971,malicious
1972,benign
1973,malicious
1974,malicious
1975,malicious
1976,benign
1977,malicious
1978,malicious
1979,benign
1980,benign
1981,malicious
1982,benign
1983,malicious
1984,malicious
1985,malicious
1986,malicious
1987,malicious
1988,benign
1989,malicious
1990,benign
1991,malicious
1992,malicious
1993,malicious
1994,benign
1995,malicious
1996,malicious
1997,malicious
1998,malicious
1999,benign
2000,malicious
2001,benign
2002,benign
2003,benign
2004,benign
2005,malicious
2006,benign
2007,benign
2008,malicious
2009,malicious
2010,benign
2011,benign
2012,malicious
2013,malicious
2014,malicious
2015,malicious
2016,malicious
2017,malicious
2018,malicious
2019,benign
2020,malicious
2021,malicious
2022,benign
2023,malicious
2024,malicious
2025,benign
2026,malicious
2027,malicious
2028,malicious
2029,malicious
2030,malicious
2031,benign
2032,malicious
2033,benign
2034,malicious
2035,malicious
2036,malicious
2037,malicious
2038,benign
2039,malicious
2040,malicious
2041,malicious
2042,malicious
2043,benign
2044,benign
2045,benign
2046,benign
2047,benign
2048,benign
2049,malicious
2050,malicious
2051,benign
2052,malicious
2053,malicious
2054,malicious
2055,malicious
2056,benign
2057,benign
2058,malicious
2059,benign
2060,malicious
2061,malicious
2062,malicious
2063,benign
2064,malicious
2065,benign
2066,malicious
2067,malicious
2068,benign
2069,malicious
2070,malicious
2071,malicious
2072,malicious
2073,benign
2074,malicious
2075,malicious
2076,malicious
2077,benign
2078,malicious
2079,malicious
2080,malicious
2081,benign
2082,benign
2083,malicious
2084,benign
2085,malicious
2086,benign
2087,malicious
2088,malicious
2089,benign
2090,benign
2091,benign
2092,malicious
2093,malicious
2094,malicious
2095,benign
2096,malicious
2097,malicious
2098,benign
2099,benign
2100,malicious
2101,malicious
2102,benign
2103,malicious
2104,benign
2105,benign
2106,malicious
2107,benign
2108,malicious
2109,benign
2110,malicious
2111,malicious
2112,benign
2113,malicious
2114,malicious
2115,malicious
2116,benign
2117,malicious
2118,malicious
2119,malicious
2120,malicious
2121,malicious
2122,benign
2123,malicious
2124,benign
2125,benign
2126,benign
2127,malicious
2128,malicious
2129,benign
2130,malicious
2131,malicious
2132,malicious
2133,malicious
2134,benign
2135,malicious
2136,benign
2137,malicious
2138,benign
2139,benign
2140,malicious
2141,malicious
2142,malicious
2143,benign
2144,malicious
2145,malicious
2146,malicious
2147,malicious
2148,benign
2149,benign
2150,benign
2151,malicious
2152,malicious
2153,malicious
2154,malicious
2155,benign
2156,malicious
2157,malicious
2158,malicious
2159,malicious
2160,malicious
2161,benign
2162,malicious
2163,benign
2164,benign
2165,malicious
2166,malicious
2167,benign
2168,malicious
2169,malicious
2170,malicious
2171,malicious
2172,malicious
2173,benign
2174,malicious
2175,malicious
2176,benign
2177,malicious
2178,malicious
2179,malicious
2180,malicious
2181,benign
2182,malicious
2183,malicious
2184,benign
2185,malicious
2186,malicious
2187,benign
2188,malicious
2189,benign
2190,malicious
2191,benign
2192,malicious
2193,benign
2194,malicious
2195,malicious
2196,benign
2197,benign
2198,malicious
2199,benign
2200,malicious
2201,benign
2202,benign
2203,benign
2204,malicious
2205,malicious
2206,malicious
2207,malicious
2208,benign
2209,malicious
2210,benign
2211,malicious
2212,malicious
2213,malicious
2214,malicious
2215,malicious
2216,malicious
2217,malicious
2218,malicious
2219,malicious
2220,benign
2221,malicious
2222,malicious
2223,malicious
2224,malicious
2225,malicious
2226,benign
2227,benign
2228,benign
2229,malicious
2230,malicious
2231,benign
2232,malicious
2233,benign
2234,malicious
2235,benign
2236,malicious
2237,malicious
2238,malicious
2239,malicious
2240,malicious
2241,benign
2242,malicious
2243,malicious
2244,malicious
2245,malicious
2246,benign
2247,benign
2248,malicious
2249,malicious
2250,malicious
2251,malicious
2252,malicious
2253,malicious
2254,malicious
2255,benign
2256,malicious
2257,malicious
2258,malicious
2259,benign
2260,benign
2261,benign
2262,malicious
2263,benign
2264,malicious
2265,malicious
2266,malicious
2267,malicious
2268,malicious
2269,benign
2270,malicious
2271,benign
2272,benign
2273,malicious
2274,benign
2275,malicious
2276,benign
2277,malicious
2278,malicious
2279,malicious
2280,malicious
2281,malicious
2282,benign
2283,malicious
2284,benign
2285,benign
2286,malicious
2287,benign
2288,malicious
2289,malicious
2290,malicious
2291,benign
2292,malicious
2293,benign
2294,benign
2295,malicious
2296,malicious
2297,malicious
2298,malicious
2299,benign
2300,benign
2301,malicious
2302,benign
2303,malicious
2304,malicious
2305,malicious
2306,malicious
2307,malicious
2308,benign
2309,malicious
2310,malicious
2311,benign
2312,malicious
2313,malicious
2314,malicious
2315,benign
2316,benign
2317,benign
2318,malicious
2319,malicious
2320,malicious
2321,benign
2322,malicious
2323,malicious
2324,benign
2325,malicious
2326,malicious
2327,malicious
2328,malicious
2329,malicious
2330,benign
2331,benign
2332,malicious
2333,malicious
2334,malicious
2335,benign
2336,benign
2337,malicious
2338,benign
2339,malicious
2340,malicious
2341,malicious
2342,benign
2343,malicious
2344,malicious
2345,benign
2346,benign
2347,benign
2348,malicious
2349,malicious
2350,malicious
2351,malicious
2352,malicious
2353,malicious
2354,malicious
2355,malicious
2356,malicious
2357,benign
2358,malicious
2359,malicious
2360,malicious
2361,malicious
2362,malicious
2363,malicious
2364,benign
2365,benign
2366,malicious
2367,benign
2368,malicious
2369,malicious
2370,benign
2371,malicious
2372,malicious
2373,benign
2374,malicious
2375,malicious
2376,malicious
2377,malicious
2378,malicious
2379,malicious
2380,malicious
2381,malicious
2382,malicious
2383,malicious
2384,malicious
2385,benign
2386,malicious
2387,malicious
2388,malicious
2389,malicious
2390,malicious
2391,malicious
2392,malicious
2393,benign
2394,malicious
2395,malicious
2396,benign
2397,malicious
2398,benign
2399,benign
2400,malicious
2401,malicious
2402,malicious
2403,malicious
2404,benign
2405,benign
2406,malicious
2407,benign
2408,malicious
2409,malicious
2410,malicious
2411,benign
2412,malicious
2413,malicious
2414,malicious
2415,benign
2416,malicious
2417,malicious
2418,benign
2419,malicious
2420,malicious
2421,benign
2422,benign
2423,benign
2424,benign
2425,benign
2426,benign
2427,benign
2428,malicious
2429,malicious
2430,benign
2431,benign
2432,malicious
2433,benign
2434,malicious
2435,benign
2436,benign
2437,malicious
2438,malicious
2439,malicious
2440,benign
